r/mm,z/mm
0.918156515543682,2.5747199777716
0.940932051127178,2.5673344277312
0.963707586710674,2.56017126114128
0.98648312229417,2.55321853738939
1.00925865787767,2.5464652886241
1.03203419346116,2.53990145623832
1.05480972904466,2.53351776172188
1.07758526462815,2.52730560322579
1.10036080021165,2.52125700061605
1.12313633579515,2.5153645591318
1.14591187137864,2.50962139654286
1.16868740696214,2.5040210813512
1.19146294254563,2.49855760013018
1.21423847812913,2.49322533541554
1.23701401371263,2.48801902191254
1.25978954929612,2.482933707498
1.28256508487962,2.47796473270954
1.30534062046312,2.47310771662195
1.32811615604661,2.46835852915375
1.35089169163011,2.46371326534867
1.3736672272136,2.45916823191041
1.3964427627971,2.4547199378141
1.4192182983806,2.45036507606057
1.44199383396409,2.44610050608826
1.46476936954759,2.4419232446039
1.48754490513108,2.43783045913208
1.51032044071458,2.43381945557934
1.53309597629808,2.42988766583416
1.55587151188157,2.42603264132846
1.57864704746507,2.42225204848069
1.60142258304856,2.41854365997445
1.62419811863206,2.41490534578654
1.64697365421556,2.4113350685463
1.66974918979905,2.40783088023878
1.69252472538255,2.40439091593797
1.71530026096605,2.40101338716818
1.73807579654954,2.39769657848316
1.76085133213304,2.39443884503118
1.78362686771653,2.39123860795672
1.80640240330003,2.38809434939149
1.82917793888353,2.3850046098828
1.85195347446702,2.38196798656257
1.87472901005052,2.37898312971101
1.89750454563401,2.37604873891187
1.92028008121751,2.37316356108546
1.94305561680101,2.37032638908992
1.9658311523845,2.36753605911157
1.988606687968,2.36479144766855
2.01138222355149,2.36209147008307
2.03415775913499,2.35943507939771
2.05693329471849,2.3568212643653
2.07970883030198,2.35424904708154
2.10248436588548,2.35171748178217
2.12525990146897,2.3492256539927
2.14803543705247,2.34677267896023
2.17081097263597,2.34435769976006
2.19358650821946,2.34197988633692
2.21636204380296,2.33963843483019
2.23913757938646,2.33733256633657
2.26191311496995,2.33506152537885
2.28468865055345,2.33282457913313
2.30746418613694,2.33062101688776
2.33023972172044,2.32845014905709
2.35301525730394,2.32631130593046
2.37579079288743,2.32420383704299
2.39856632847093,2.32212711073786
2.42134186405442,2.32008051337256
2.44411739963792,2.31806344828757
2.46689293522142,2.31607533528929
2.48966847080491,2.31411561029272
2.51244400638841,2.31218372467742
2.5352195419719,2.31027914442993
2.5579950775554,2.30840134971526
2.5807706131389,2.30654983458298
2.60354614872239,2.30472410644053
2.62632168430589,2.30292368533458
2.64909721988939,2.30114810359311
2.67187275547288,2.29939690558191
2.69464829105638,2.29766964727081
2.71742382663987,2.29596589562708
2.74019936222337,2.29428522831438
2.76297489780687,2.29262723348964
2.78575043339036,2.29099150944345
2.80852596897386,2.28937766408467
2.83130150455735,2.28778531468546
2.85407704014085,2.28621408771084
2.87685257572435,2.28466361851872
2.89962811130784,2.28313355091935
2.92240364689134,2.28162353695796
2.94517918247483,2.28013323677096
2.96795471805833,2.27866231833436
2.99073025364183,2.27721045708488
3.01350578922532,2.27577733573374
3.03628132480882,2.2743626441446
3.05905686039231,2.27296607912145
3.08183239597581,2.27158734408109
3.10460793155931,2.27022614889262
3.1273834671428,2.26888220977342
3.1501590027263,2.26755524910939
3.1729345383098,2.26624499517044
3.19571007389329,2.26495118197144
3.21848560947679,2.26367354918307
3.24126114506028,2.26241184197896
3.26403668064378,2.26116581078721
3.28681221622728,2.25993521116942
3.30958775181077,2.25871980374403
3.33236328739427,2.2575193540556
3.35513882297776,2.25633363235704
3.37791435856126,2.25516241350379
3.40068989414476,2.25400547688763
3.42346542972825,2.25286260632452
3.44624096531175,2.25173358986284
3.46901650089524,2.25061821969055
3.49179203647874,2.24951629207772
3.51456757206224,2.24842760728001
3.53734310764573,2.24735196936914
3.56011864322923,2.24628918615106
3.58289417881273,2.24523906911597
3.60566971439622,2.24420143335485
3.62844524997972,2.24317609740912
3.65122078556321,2.24216288319824
3.67399632114671,2.24116161597603
3.69677185673021,2.24017212425833
3.7195473923137,2.23919423968916
3.7423229278972,2.23822779697644
3.76509846348069,2.2372726338537
3.78787399906419,2.23632859101724
3.81064953464769,2.23539551200648
3.83342507023118,2.23447324314678
3.85620060581468,2.2335616335158
3.87897614139817,2.23266053488862
3.90175167698167,2.23176980163062
3.92452721256516,2.23088929064635
3.94730274814866,2.23001886134984
3.97007828373216,2.2291583756167
3.99285381931565,2.22830769768776
4.01562935489915,2.22746669412331
4.03840489048264,2.22663523377685
4.06118042606614,2.22581318775307
4.08395596164964,2.22500042932103
4.10673149723313,2.22419683387303
4.12950703281663,2.22340227890137
4.15228256840012,2.22261664396136
4.17505810398362,2.22183981059296
4.19783363956712,2.22107166228364
4.22060917515061,2.22031208444775
4.24338471073411,2.21956096439398
4.26616024631761,2.2188181912543
4.2889357819011,2.21808365595047
4.3117113174846,2.21735725117566
4.33448685306809,2.21663887136568
4.35726238865159,2.2159284126345
4.38003792423508,2.21522577274391
4.40281345981858,2.21453085108709
4.42558899540208,2.21384354866319
4.44836453098557,2.21316376801861
4.47114006656907,2.21249141321951
4.49391560215257,2.21182638983707
4.51669113773606,2.21116860492496
4.53946667331956,2.21051796696581
4.56224220890305,2.20987438584618
4.58501774448655,2.20923777284334
4.60779328007005,2.20860804060527
4.63056881565354,2.20798510310175
4.65334435123704,2.20736887560151
4.67611988682053,2.20675927466039
4.69889542240403,2.20615621810353
4.72167095798753,2.20555962498057
4.74444649357102,2.20496941554477
4.76722202915452,2.20438551124239
4.78999756473801,2.2038078346968
4.81277310032151,2.20323630966734
4.83554863590501,2.20267086103031
4.8583241714885,2.20211141476926
4.881099707072,2.20155789796089
4.90387524265549,2.20101023873727
4.92665077823899,2.20046836626829
4.94942631382248,2.199932210753
4.97220184940598,2.19940170340697
4.99497738498948,2.19887677642746
5.01775292057297,2.19835736297739
5.04052845615647,2.19784339717742
5.06330399173997,2.19733481409468
5.08607952732346,2.19683154971063
5.10885506290696,2.19633354090632
5.13163059849045,2.19584072545524
5.15440613407395,2.19535304201314
5.17718166965745,2.19487043008843
5.19995720524094,2.19439283002855
5.22273274082444,2.19392018301346
5.24550827640793,2.19345243104656
5.26828381199143,2.19298951692728
5.29105934757493,2.19253138423846
5.31383488315842,2.19207797734051
5.33661041874192,2.19162924136318
5.35938595432541,2.19118512218021
5.38216148990891,2.19074556639765
5.4049370254924,2.19031052134853
5.4277125610759,2.1898799350855
5.4504880966594,2.18945375635722
5.47326363224289,2.18903193459769
5.49603916782639,2.18861441992126
5.51881470340989,2.18820116311604
5.54159023899338,2.18779211562204
5.56436577457688,2.18738722952114
5.58714131016037,2.18698645753269
5.60991684574387,2.18658975300745
5.63269238132737,2.1861970699073
5.65546791691086,2.18580836279595
5.67824345249436,2.18542358683488
5.70101898807785,2.1850426977779
5.72379452366135,2.18466565195225
5.74657005924484,2.18429240624995
5.76934559482834,2.1839229181241
5.79212113041184,2.18355714558396
5.81489666599533,2.18319504717732
5.83767220157883,2.18283658198249
5.86044773716232,2.18248170960483
5.88322327274582,2.18213039017241
5.90599880832932,2.18178258431945
5.92877434391281,2.18143825317893
5.95154987949631,2.18109735837939
5.9743254150798,2.18075986204095
5.9971009506633,2.18042572675995
6.0198764862468,2.18009491560192
6.04265202183029,2.17976739209876
6.06542755741379,2.17944312024508
6.08820309299729,2.17912206448382
6.11097862858078,2.17880418969973
6.13375416416428,2.17848946121676
6.15652969974777,2.17817784479471
6.17930523533127,2.17786930661582
6.20208077091476,2.17756381327865
6.22485630649826,2.17726133179565
6.24763184208176,2.1769618295902
6.27040737766525,2.17666527448395
6.29318291324875,2.17637163469115
6.31595844883224,2.17608087881643
6.33873398441574,2.17579297585203
6.36150951999924,2.17550789516601
6.38428505558273,2.17522560649692
6.40706059116623,2.17494607995171
6.42983612674973,2.17466928600327
6.45261166233322,2.17439519547933
6.47538719791672,2.17412377955747
6.49816273350021,2.17385500976319
6.52093826908371,2.17358885796767
6.54371380466721,2.17332529637738
6.5664893402507,2.17306429752931
6.5892648758342,2.17280583428929
6.61204041141769,2.1725498798499
6.63481594700119,2.17229640772066
6.65759148258469,2.17204539172367
6.68036701816818,2.17179680599191
6.70314255375168,2.17155062496747
6.72591808933517,2.17130682339222
6.74869362491867,2.17106537630378
6.77146916050216,2.17082625903391
6.79424469608566,2.17058944720689
6.81702023166916,2.1703549167308
6.83979576725265,2.17012264379362
6.86257130283615,2.16989260486186
6.88534683841965,2.16966477667899
6.90812237400314,2.16943913625727
6.93089790958664,2.16921566087407
6.95367344517013,2.16899432807061
6.97644898075363,2.16877511565049
6.99922451633712,2.16855800167203
7.02200005192062,2.16834296444481
7.04477558750412,2.16812998252842
7.06755112308761,2.16791903473124
7.09032665867111,2.16771010010311
7.1131021942546,2.16750315793209
7.1358777298381,2.16729818774337
7.1586532654216,2.16709516929806
7.18142880100509,2.16689408258631
7.20420433658859,2.16669490782431
7.22697987217208,2.16649762545315
7.24975540775558,2.16630221613785
7.27253094333908,2.16610866076076
7.29530647892257,2.16591694041878
7.31808201450607,2.1657270364223
7.34085755008957,2.16553893029426
7.36363308567306,2.16535260376402
7.38640862125656,2.1651680387646
7.40918415684005,2.16498521743179
7.43195969242355,2.16480412210328
7.45473522800705,2.16462473531282
7.47751076359054,2.16444703978763
7.50028629917404,2.16427101844762
7.52306183475753,2.1640966544045
7.54583737034103,2.16392393095632
7.56861290592453,2.16375283158505
7.59138844150802,2.16358333995573
7.61416397709152,2.16341543991582
7.63693951267501,2.1632491154899
7.65971504825851,2.16308435087741
7.68249058384201,2.16292113045193
7.7052661194255,2.16275943876046
7.728041655009,2.16259926051851
7.75081719059249,2.16244058060792
7.77359272617599,2.16228338407617
7.79636826175948,2.16212765613575
7.81914379734298,2.16197338215949
7.84191933292648,2.16182054767852
7.86469486850997,2.16166913838156
7.88747040409347,2.16151914011442
7.91024593967696,2.16137053887555
7.93302147526046,2.16122332081406
7.95579701084396,2.16107747222911
7.97857254642745,2.16093297956946
8.00134808201095,2.16078982942919
8.02412361759445,2.16064800854585
8.04689915317794,2.16050750379996
8.06967468876144,2.16036830221446
8.09245022434493,2.16023039095077
8.11522575992843,2.16009375730699
8.13800129551193,2.15995838871741
8.16077683109542,2.15982427275204
8.18355236667892,2.15969139711285
8.20632790226241,2.1595597496321
8.22910343784591,2.15942931827179
8.25187897342941,2.15930009112334
8.2746545090129,2.15917205640394
8.2974300445964,2.15904520245499
8.32020558017989,2.1589195177416
8.34298111576339,2.15879499085227
8.36575665134689,2.15867161049544
8.38853218693038,2.15854936549799
8.41130772251388,2.15842824480481
8.43408325809737,2.15830823747847
8.45685879368087,2.15818933269594
8.47963432926437,2.1580715197472
8.50240986484786,2.15795478803479
8.52518540043136,2.15783912707355
8.54796093601485,2.15772452648748
8.57073647159835,2.15761097600842
8.59351200718185,2.15749846547562
8.61628754276534,2.15738698483552
8.63906307834884,2.15727652413874
8.66183861393233,2.15716707353886
8.68461414951583,2.15705862329198
8.70738968509932,2.15695116375653
8.73016522068282,2.15684468539044
8.75294075626632,2.1567391787499
8.77571629184981,2.15663463448905
8.79849182743331,2.1565310433597
8.8212673630168,2.15642839620874
8.8440428986003,2.15632668397686
8.8668184341838,2.15622589769834
8.88959396976729,2.15612602850077
8.91236950535079,2.15602706760251
8.93514504093429,2.15592900631161
8.95792057651778,2.1558318360255
8.98069611210128,2.15573554823076
9.00347164768477,2.15564013450074
9.02624718326827,2.15554558649447
9.04902271885177,2.15545189595641
9.07179825443526,2.15535905471624
9.09457379001876,2.15526705468655
9.11734932560225,2.15517588786187
9.14012486118575,2.15508554631835
9.16290039676925,2.15499602221363
9.18567593235274,2.15490730778464
9.20845146793624,2.15481939534662
9.23122700351973,2.15473227729287
9.25400253910323,2.15464594609462
9.27677807468672,2.15456039429892
9.29955361027022,2.15447561452771
9.32232914585372,2.15439159947759
9.34510468143721,2.15430834191972
9.36788021702071,2.15422583469773
9.39065575260421,2.15414407072696
9.4134312881877,2.15406304299412
9.4362068237712,2.15398274455725
9.45898235935469,2.1539031685438
9.48175789493819,2.15382430814973
9.50453343052168,2.15374615663936
9.52730896610518,2.15366870734528
9.55008450168868,2.15359195366643
9.57286003727217,2.15351588906739
9.59563557285567,2.15344050707814
9.61841110843916,2.15336580129398
9.64118664402266,2.15329176537378
9.66396217960616,2.15321839303918
9.68673771518965,2.15314567807447
9.70951325077315,2.15307361432646
9.73228878635664,2.1530021957028
9.75506432194014,2.1529314161713
9.77783985752364,2.15286126975969
9.80061539310713,2.15279175055561
9.82339092869063,2.15272285270496
9.84616646427413,2.15265457041122
9.86894199985762,2.1525868979353
9.89171753544112,2.15251982959544
9.91449307102461,2.15245335976573
9.93726860660811,2.15238748287539
9.96004414219161,2.15232219340864
9.9828196777751,2.15225748590466
10.0055952133586,2.15219335495608
10.0283707489421,2.1521297952084
10.0511462845256,2.15206680135979
10.0739218201091,2.15200436816107
10.0966973556926,2.1519424904143
10.1194728912761,2.15188116297217
10.1422484268596,2.15182038073787
10.1650239624431,2.15176013866504
10.1877994980266,2.15170043175643
10.2105750336101,2.1516412550633
10.2333505691936,2.15158260368532
10.2561261047771,2.15152447277053
10.2789016403605,2.15146685751402
10.301677175944,2.1514097531574
10.3244527115275,2.15135315498869
10.347228247111,2.15129705834226
10.3700037826945,2.1512414585976
10.392779318278,2.15118635117882
10.4155548538615,2.1511317315545
10.438330389445,2.15107759523768
10.4611059250285,2.15102393778465
10.483881460612,2.15097075479452
10.5066569961955,2.150918041909
10.529432531779,2.15086579481247
10.5522080673625,2.1508140092308
10.574983602946,2.15076268093088
10.5977591385295,2.15071180572051
10.620534674113,2.15066137944839
10.6433102096965,2.15061139800302
10.66608574528,2.15056185731227
10.6888612808635,2.15051275334323
10.711636816447,2.15046408210225
10.7344123520305,2.15041583963384
10.757187887614,2.1503680220203
10.7799634231975,2.15032062538154
10.802738958781,2.15027364587517
10.8255144943645,2.15022707969538
10.8482900299479,2.15018092307265
10.8710655655314,2.15013517227357
10.8938411011149,2.15008982360082
10.9166166366984,2.15004487339231
10.9393921722819,2.15000031802068
10.9621677078654,2.14995615389325
10.9849432434489,2.14991237745203
11.0077187790324,2.14986898517277
11.0304943146159,2.14982597356461
11.0532698501994,2.14978333916996
11.0760453857829,2.14974107856452
11.0988209213664,2.1496991883564
11.1215964569499,2.14965766518575
11.1443719925334,2.14961650572468
11.1671475281169,2.14957570667724
11.1899230637004,2.14953526477861
11.2126985992839,2.14949517679472
11.2354741348674,2.14945543952219
11.2582496704509,2.14941604978833
11.2810252060344,2.14937700445032
11.3038007416179,2.14933830039488
11.3265762772014,2.1492999345382
11.3493518127849,2.14926190382594
11.3721273483684,2.14922420523244
11.3949028839519,2.14918683576043
11.4176784195353,2.14914979244094
11.4404539551188,2.14911307233329
11.4632294907023,2.14907667252436
11.4860050262858,2.1490405901283
11.5087805618693,2.14900482228643
11.5315560974528,2.14896936616727
11.5543316330363,2.14893421896581
11.5771071686198,2.14889937790321
11.5998827042033,2.14886484022677
11.6226582397868,2.14883060320989
11.6454337753703,2.14879666415143
11.6682093109538,2.14876302037538
11.6909848465373,2.14872966923085
11.7137603821208,2.14869660809201
11.7365359177043,2.14866383435752
11.7593114532878,2.14863134545018
11.7820869888713,2.14859913881692
11.8048625244548,2.14856721192877
11.8276380600383,2.14853556228027
11.8504135956218,2.14850418738918
11.8731891312053,2.14847308479645
11.8959646667888,2.14844225206618
11.9187402023723,2.14841168678509
11.9415157379558,2.14838138656218
11.9642912735393,2.14835134902877
11.9870668091227,2.14832157183842
12.0098423447062,2.14829205266643
12.0326178802897,2.14826278920955
12.0553934158732,2.14823377918592
12.0781689514567,2.14820502033515
12.1009444870402,2.14817651041765
12.1237200226237,2.14814824721453
12.1464955582072,2.14812022852744
12.1692710937907,2.14809245217864
12.1920466293742,2.14806491601044
12.2148221649577,2.14803761788502
12.2375977005412,2.14801055568432
12.2603732361247,2.1479837273101
12.2831487717082,2.14795713068341
12.3059243072917,2.14793076374436
12.3286998428752,2.14790462445211
12.3514753784587,2.14787871078487
12.3742509140422,2.14785302073938
12.3970264496257,2.14782755233075
12.4198019852092,2.14780230359237
12.4425775207927,2.14777727257596
12.4653530563762,2.14775245735108
12.4881285919597,2.14772785600494
12.5109041275432,2.14770346664235
12.5336796631267,2.14767928738574
12.5564551987101,2.1476553163747
12.5792307342936,2.14763155176579
12.6020062698771,2.14760799173251
12.6247818054606,2.14758463446531
12.6475573410441,2.14756147817115
12.6703328766276,2.1475385210733
12.6931084122111,2.14751576141135
12.7158839477946,2.14749319744117
12.7386594833781,2.14747082743454
12.7614350189616,2.14744864967891
12.7842105545451,2.14742666247745
12.8069860901286,2.14740486414898
12.8297616257121,2.14738325302763
12.8525371612956,2.14736182746262
12.8753126968791,2.14734058581828
12.8980882324626,2.14731952647401
12.9208637680461,2.14729864782393
12.9436393036296,2.1472779482767
12.9664148392131,2.1472574262555
12.9891903747966,2.14723708019803
13.0119659103801,2.14721690855614
13.0347414459636,2.14719690979569
13.0575169815471,2.1471770823965
13.0802925171306,2.14715742485236
13.1030680527141,2.1471379356707
13.1258435882975,2.14711861337241
13.148619123881,2.14709945649183
13.1713946594645,2.14708046357676
13.194170195048,2.1470616331881
13.2169457306315,2.14704296389972
13.239721266215,2.14702445429843
13.2624968017985,2.14700610298401
13.285272337382,2.14698790856884
13.3080478729655,2.14696986967778
13.330823408549,2.14695198494818
13.3535989441325,2.14693425302981
13.376374479716,2.14691667258464
13.3991500152995,2.14689924228662
13.421925550883,2.14688196082172
13.4447010864665,2.14686482688789
13.46747662205,2.1468478391948
13.4902521576335,2.14683099646368
13.513027693217,2.1468142974273
13.5358032288005,2.14679774083001
13.558578764384,2.14678132542741
13.5813542999675,2.14676504998623
13.604129835551,2.14674891328435
13.6269053711345,2.14673291411074
13.649680906718,2.14671705126526
13.6724564423015,2.14670132355845
13.6952319778849,2.14668572981161
13.7180075134684,2.14667026885672
13.7407830490519,2.14665493953621
13.7635585846354,2.14663974070285
13.7863341202189,2.14662467121973
13.8091096558024,2.14660972996025
13.8318851913859,2.14659491580786
13.8546607269694,2.14658022765599
13.8774362625529,2.14656566440797
13.9002117981364,2.1465512249771
13.9229873337199,2.14653690828634
13.9457628693034,2.14652271326826
13.9685384048869,2.14650863886499
13.9913139404704,2.14649468402823
14.0140894760539,2.14648084771901
14.0368650116374,2.1464671289076
14.0596405472209,2.14645352657348
14.0824160828044,2.14644003970536
14.1051916183879,2.14642666730094
14.1279671539714,2.14641340836681
14.1507426895549,2.14640026191845
14.1735182251384,2.14638722698019
14.1962937607219,2.14637430258507
14.2190692963054,2.14636148777466
14.2418448318889,2.14634878159911
14.2646203674724,2.14633618311712
14.2873959030558,2.14632369139572
14.3101714386393,2.14631130551022
14.3329469742228,2.14629902454416
14.3557225098063,2.14628684758933
14.3784980453898,2.14627477374555
14.4012735809733,2.14626280212061
14.4240491165568,2.14625093183024
14.4468246521403,2.1462391619981
14.4696001877238,2.14622749175563
14.4923757233073,2.14621592024189
14.5151512588908,2.14620444660363
14.5379267944743,2.14619306999524
14.5607023300578,2.14618178957858
14.5834778656413,2.14617060452291
14.6062534012248,2.14615951400484
14.6290289368083,2.14614851720837
14.6518044723918,2.14613761332471
14.6745800079753,2.14612680155216
14.6973555435588,2.14611608109616
14.7201310791423,2.14610545116924
14.7429066147258,2.14609491099086
14.7656821503093,2.14608445978736
14.7884576858928,2.14607409679193
14.8112332214763,2.14606382124459
14.8340087570598,2.14605363239207
14.8567842926432,2.1460435294877
14.8795598282267,2.14603351179141
14.9023353638102,2.14602357856976
14.9251108993937,2.14601372909572
14.9478864349772,2.14600396264866
14.9706619705607,2.1459942785143
14.9934375061442,2.14598467598474
15.0162130417277,2.14597515435827
15.0389885773112,2.14596571293936
15.0617641128947,2.14595635103859
15.0845396484782,2.14594706797267
15.1073151840617,2.14593786306432
15.1300907196452,2.14592873564219
15.1528662552287,2.14591968504081
15.1756417908122,2.14591071060066
15.1984173263957,2.14590181166798
15.2211928619792,2.14589298759472
15.2439683975627,2.14588423773854
15.2667439331462,2.1458755614628
15.2895194687297,2.14586695813643
15.3122950043132,2.14585842713386
15.3350705398967,2.14584996783502
15.3578460754802,2.14584157962535
15.3806216110637,2.14583326189564
15.4033971466472,2.14582501404202
15.4261726822307,2.14581683546588
15.4489482178142,2.14580872557394
15.4717237533977,2.14580068377809
15.4944992889811,2.14579270949535
15.5172748245646,2.14578480214784
15.5400503601481,2.14577696116278
15.5628258957316,2.14576918597242
15.5856014313151,2.14576147601391
15.6083769668986,2.14575383072934
15.6311525024821,2.14574624956575
15.6539280380656,2.14573873197497
15.6767035736491,2.1457312774136
15.6994791092326,2.145723885343
15.7222546448161,2.14571655522928
15.7450301803996,2.14570928654318
15.7678057159831,2.14570207876006
15.7905812515666,2.14569493135983
15.8133567871501,2.14568784382702
15.8361323227336,2.14568081565061
15.8589078583171,2.14567384632404
15.8816833939006,2.14566693534513
15.9044589294841,2.14566008221617
15.9272344650676,2.14565328644372
15.9500100006511,2.14564654753866
15.9727855362346,2.14563986501609
15.9955610718181,2.14563323839542
16.0183366074016,2.14562666720018
16.0411121429851,2.14562015095807
16.0638876785686,2.14561368920086
16.0866632141521,2.14560728146445
16.1094387497356,2.14560092728877
16.132214285319,2.14559462621772
16.1549898209025,2.14558837779916
16.177765356486,2.14558218158492
16.2005408920695,2.14557603713072
16.223316427653,2.14556994399609
16.2460919632365,2.14556390174441
16.26886749882,2.14555790994289
16.2916430344035,2.14555196816246
16.314418569987,2.14554607597776
16.3371941055705,2.14554023296714
16.359969641154,2.1455344387126
16.3827451767375,2.1455286927998
16.405520712321,2.14552299481794
16.4282962479045,2.14551734435977
16.451071783488,2.14551174102164
16.4738473190715,2.14550618440335
16.496622854655,2.14550067410817
16.5193983902385,2.14549520974277
16.542173925822,2.1454897909173
16.5649494614055,2.14548441724523
16.587724996989,2.14547908834339
16.6105005325725,2.1454738038319
16.633276068156,2.14546856333421
16.6560516037395,2.145463366477
16.678827139323,2.14545821289016
16.7016026749065,2.14545310220679
16.72437821049,2.14544803406317
16.7471537460735,2.14544300809873
16.7699292816569,2.14543802395599
16.7927048172404,2.14543308128053
16.8154803528239,2.14542817972105
16.8382558884074,2.14542331892927
16.8610314239909,2.14541849855986
16.8838069595744,2.1454137182705
16.9065824951579,2.14540897772184
16.9293580307414,2.14540427657746
16.9521335663249,2.14539961450378
16.9749091019084,2.14539499117014
16.9976846374919,2.14539040624872
17.0204601730754,2.14538585941454
17.0432357086589,2.14538135034537
17.0660112442424,2.14537687872179
17.0887867798259,2.14537244422713
17.1115623154094,2.14536804654743
17.1343378509929,2.14536368537144
17.1571133865764,2.14535936039055
17.1798889221599,2.14535507129886
17.2026644577434,2.14535081779307
17.2254399933269,2.14534659957249
17.2482155289104,2.14534241633899
17.2709910644939,2.14533826779703
17.2937666000774,2.14533415365361
17.3165421356609,2.14533007361822
17.3393176712444,2.14532602740284
17.3620932068279,2.14532201472197
17.3848687424113,2.14531803529251
17.4076442779948,2.14531408883379
17.4304198135783,2.14531017506757
17.4531953491618,2.14530629371799
17.4759708847453,2.14530244451154
17.4987464203288,2.14529862717707
17.5215219559123,2.14529484144572
17.5442974914958,2.14529108705097
17.5670730270793,2.14528736372858
17.5898485626628,2.14528367121655
17.6126240982463,2.14528000925512
17.6353996338298,2.14527637758677
17.6581751694133,2.14527277595619
17.6809507049968,2.14526920411022
17.7037262405803,2.14526566179789
17.7265017761638,2.14526214877036
17.7492773117473,2.14525866478095
17.7720528473308,2.14525520958504
17.7948283829143,2.14525178294013
17.8176039184978,2.14524838460577
17.8403794540813,2.1452450143436
17.8631549896648,2.14524167191725
17.8859305252483,2.14523835709239
17.9087060608318,2.14523506963668
17.9314815964153,2.1452318093198
17.9542571319988,2.14522857591332
17.9770326675823,2.14522536919082
17.9998082031658,2.14522218892778
18.0225837387492,2.14521903490162
18.0453592743327,2.14521590689163
18.0681348099162,2.14521280467897
18.0909103454997,2.1452097280467
18.1136858810832,2.14520667677972
18.1364614166667,2.14520365066473
18.1592369522502,2.14520064949027
18.1820124878337,2.14519767304668
18.2047880234172,2.14519472112607
18.2275635590007,2.14519179352234
18.2503390945842,2.1451888900311
18.2731146301677,2.14518601044974
18.2958901657512,2.14518315457738
18.3186657013347,2.14518032221479
18.3414412369182,2.14517751316447
18.3642167725017,2.1451747272306
18.3869923080852,2.14517196421902
18.4097678436687,2.14516922393722
18.4325433792522,2.14516650619429
18.4553189148357,2.14516381080098
18.4780944504192,2.14516113756965
18.5008699860027,2.14515848631421
18.5236455215862,2.14515585685018
18.5464210571697,2.14515324899463
18.5691965927532,2.1451506625662
18.5919721283367,2.14514809738503
18.6147476639202,2.14514555327281
18.6375231995037,2.14514303005275
18.6602987350871,2.14514052754954
18.6830742706706,2.14513804558934
18.7058498062541,2.1451355839998
18.7286253418376,2.14513314261003
18.7514008774211,2.14513072125059
18.7741764130046,2.14512831975345
18.7969519485881,2.14512593795201
18.8197274841716,2.1451235756811
18.8425030197551,2.14512123277692
18.8652785553386,2.14511890907706
18.8880540909221,2.14511660442047
18.9108296265056,2.1451143186475
18.9336051620891,2.1451120515998
18.9563806976726,2.1451098031204
18.9791562332561,2.1451075730536
19.0019317688396,2.14510536124508
19.0247073044231,2.14510316754177
19.0474828400066,2.14510099179191
19.0702583755901,2.14509883384502
19.0930339111736,2.14509669355188
19.1158094467571,2.14509457076455
19.1385849823406,2.1450924653363
19.1613605179241,2.14509037712166
19.1841360535076,2.14508830597639
19.2069115890911,2.14508625175746
19.2296871246746,2.14508421432302
19.2524626602581,2.14508219353243
19.2752381958416,2.14508018924625
19.298013731425,2.14507820132619
19.3207892670085,2.14507622963514
19.343564802592,2.14507427403711
19.3663403381755,2.1450723343973
19.389115873759,2.145070410582
19.4118914093425,2.14506850245865
19.434666944926,2.14506660989579
19.4574424805095,2.14506473276307
19.480218016093,2.14506287093124
19.5029935516765,2.1450610242721
19.52576908726,2.14505919265858
19.5485446228435,2.14505737596462
19.571320158427,2.14505557406527
19.5940956940105,2.14505378683659
19.616871229594,2.14505201415568
19.6396467651775,2.14505025590069
19.662422300761,2.14504851195078
19.6851978363445,2.14504678218612
19.707973371928,2.14504506648788
19.7307489075115,2.14504336473823
19.753524443095,2.14504167682032
19.7762999786785,2.1450400026183
19.799075514262,2.14503834201725
19.8218510498455,2.14503669490324
19.844626585429,2.14503506116328
19.8674021210125,2.14503344068533
19.890177656596,2.14503183335828
19.9129531921795,2.14503023907196
19.9357287277629,2.1450286577171
19.9585042633464,2.14502708918536
19.9812797989299,2.14502553336928
20.0040553345134,2.14502399016232
20.0268308700969,2.14502245945884
20.0496064056804,2.14502094115403
20.0723819412639,2.14501943514401
20.0951574768474,2.14501794132572
20.1179330124309,2.14501645959699
20.1407085480144,2.14501498985649
20.1634840835979,2.14501353200372
20.1862596191814,2.14501208593903
20.2090351547649,2.14501065156362
20.2318106903484,2.14500922877946
20.2545862259319,2.14500781748938
20.2773617615154,2.14500641759699
20.3001372970989,2.14500502900672
20.3229128326824,2.14500365162379
20.3456883682659,2.14500228535419
20.3684639038494,2.14500093010471
20.3912394394329,2.1449995857829
20.4140149750164,2.1449982522971
20.4367905105999,2.14499692955637
20.4595660461834,2.14499561747056
20.4823415817669,2.14499431595025
20.5051171173504,2.14499302490677
20.5278926529339,2.14499174425216
20.5506681885173,2.14499047389923
20.5734437241008,2.14498921376149
20.5962192596843,2.14498796375314
20.6189947952678,2.14498672378912
20.6417703308513,2.14498549378508
20.6645458664348,2.14498427365735
20.6873214020183,2.14498306332295
20.7100969376018,2.14498186269958
20.7328724731853,2.14498067170564
20.7556480087688,2.1449794902602
20.7784235443523,2.14497831828297
20.8011990799358,2.14497715569436
20.8239746155193,2.1449760024154
20.8467501511028,2.14497485836781
20.8695256866863,2.14497372347392
20.8923012222698,2.14497259765671
20.9150767578533,2.1449714808398
20.9378522934368,2.14497037294744
20.9606278290203,2.14496927390449
20.9834033646038,2.14496818363644
21.0061789001873,2.14496710206939
21.0289544357708,2.14496602913004
21.0517299713543,2.14496496474569
21.0745055069378,2.14496390884426
21.0972810425213,2.14496286135422
21.1200565781048,2.14496182220468
21.1428321136883,2.14496079132527
21.1656076492718,2.14495976864625
21.1883831848553,2.14495875409842
21.2111587204387,2.14495774761317
21.2339342560222,2.14495674912241
21.2567097916057,2.14495575855865
21.2794853271892,2.14495477585494
21.3022608627727,2.14495380094486
21.3250363983562,2.14495283376256
21.3478119339397,2.14495187424269
21.3705874695232,2.14495092232047
21.3933630051067,2.14494997793163
21.4161385406902,2.14494904101244
21.4389140762737,2.14494811149965
21.4616896118572,2.14494718933057
21.4844651474407,2.144946274443
21.5072406830242,2.14494536677525
21.5300162186077,2.14494446626612
21.5527917541912,2.14494357285492
21.5755672897747,2.14494268648145
21.5983428253582,2.144941807086
21.6211183609417,2.14494093460934
21.6438938965252,2.14494006899273
21.6666694321087,2.14493921017789
21.6894449676922,2.14493835810702
21.7122205032757,2.1449375127228
21.7349960388592,2.14493667396835
21.7577715744427,2.14493584178726
21.7805471100262,2.1449350161236
21.8033226456097,2.14493419692184
21.8260981811931,2.14493338412695
21.8488737167766,2.14493257768432
21.8716492523601,2.14493177753977
21.8944247879436,2.14493098363958
21.9172003235271,2.14493019593045
21.9399758591106,2.14492941435951
21.9627513946941,2.14492863887431
21.9855269302776,2.14492786942283
22.0083024658611,2.14492710595347
22.0310780014446,2.14492634841503
22.0538535370281,2.14492559675673
22.0766290726116,2.1449248509282
22.0994046081951,2.14492411087947
22.1221801437786,2.14492337656097
22.1449556793621,2.14492264792352
22.1677312149456,2.14492192491835
22.1905067505291,2.14492120749706
22.2132822861126,2.14492049561165
22.2360578216961,2.14491978921449
22.2588333572796,2.14491908825834
22.2816088928631,2.14491839269635
22.3043844284466,2.144917702482
22.3271599640301,2.14491701756918
22.3499354996136,2.14491633791213
22.3727110351971,2.14491566346546
22.3954865707806,2.14491499418413
22.4182621063641,2.14491433002346
22.4410376419476,2.14491367093913
22.463813177531,2.14491301688716
22.4865887131145,2.14491236782394
22.509364248698,2.14491172370617
22.5321397842815,2.14491108449093
22.554915319865,2.1449104501356
22.5776908554485,2.14490982059793
22.600466391032,2.14490919583597
22.6232419266155,2.14490857580813
22.646017462199,2.14490796047313
22.6687929977825,2.14490734979002
22.691568533366,2.14490674371816
22.7143440689495,2.14490614221724
22.737119604533,2.14490554524727
22.7598951401165,2.14490495276855
22.7826706757,2.14490436474171
22.8054462112835,2.14490378112769
22.828221746867,2.14490320188772
22.8509972824505,2.14490262698333
22.873772818034,2.14490205637637
22.8965483536175,2.14490149002896
22.919323889201,2.14490092790353
22.9420994247845,2.14490036996281
22.964874960368,2.14489981616979
22.9876504959515,2.14489926648777
23.010426031535,2.14489872088032
23.0332015671185,2.14489817931131
23.055977102702,2.14489764174487
23.0787526382855,2.1448971081454
23.1015281738689,2.1448965784776
23.1243037094524,2.14489605270642
23.1470792450359,2.14489553079708
23.1698547806194,2.14489501271507
23.1926303162029,2.14489449842615
23.2154058517864,2.14489398789633
23.2381813873699,2.1448934810919
23.2609569229534,2.14489297797937
23.2837324585369,2.14489247852554
23.3065079941204,2.14489198269745
23.3292835297039,2.14489149046238
23.3520590652874,2.14489100178788
23.3748346008709,2.14489051664171
23.3976101364544,2.14489003499191
23.4203856720379,2.14488955680674
23.4431612076214,2.1448890820547
23.4659367432049,2.14488861070455
23.4887122787884,2.14488814272525
23.5114878143719,2.14488767808601
23.5342633499554,2.14488721675626
23.5570388855389,2.14488675870569
23.5798144211224,2.14488630390417
23.6025899567059,2.14488585232183
23.6253654922894,2.14488540392901
23.6481410278729,2.14488495869625
23.6709165634564,2.14488451659435
23.6936920990399,2.14488407759429
23.7164676346234,2.14488364166727
23.7392431702068,2.14488320878472
23.7620187057903,2.14488277891827
23.7847942413738,2.14488235203975
23.8075697769573,2.14488192812119
23.8303453125408,2.14488150713487
23.8531208481243,2.1448810890532
23.8758963837078,2.14488067384886
23.8986719192913,2.14488026149469
23.9214474548748,2.14487985196372
23.9442229904583,2.14487944522921
23.9669985260418,2.14487904126459
23.9897740616253,2.14487864004347
24.0125495972088,2.14487824153967
24.0353251327923,2.1448778457272
24.0581006683758,2.14487745258024
24.0808762039593,2.14487706207316
24.1036517395428,2.14487667418051
24.1264272751263,2.14487628887704
24.1492028107098,2.14487590613765
24.1719783462933,2.14487552593744
24.1947538818768,2.14487514825166
24.2175294174603,2.14487477305577
24.2403049530438,2.14487440032537
24.2630804886273,2.14487403003625
24.2858560242108,2.14487366216435
24.3086315597943,2.14487329668581
24.3314070953778,2.14487293357689
24.3541826309613,2.14487257281406
24.3769581665447,2.14487221437393
24.3997337021282,2.14487185823326
24.4225092377117,2.14487150436899
24.4452847732952,2.1448711527582
24.4680603088787,2.14487080337815
24.4908358444622,2.14487045620624
24.5136113800457,2.14487011122002
24.5363869156292,2.14486976839719
24.5591624512127,2.14486942771561
24.5819379867962,2.14486908915328
24.6047135223797,2.14486875268837
24.6274890579632,2.14486841829916
24.6502645935467,2.14486808596409
24.6730401291302,2.14486775566176
24.6958156647137,2.14486742737088
24.7185912002972,2.14486710107033
24.7413667358807,2.1448667767391
24.7641422714642,2.14486645435635
24.7869178070477,2.14486613390134
24.8096933426312,2.1448658153535
24.8324688782147,2.14486549869235
24.8552444137982,2.14486518389759
24.8780199493817,2.14486487094902
24.9007954849652,2.14486455982657
24.9235710205487,2.1448642505103
24.9463465561322,2.14486394298042
24.9691220917157,2.14486363721722
24.9918976272991,2.14486333320115
25.0146731628826,2.14486303091278
25.0374486984661,2.14486273033277
25.0602242340496,2.14486243144194
25.0829997696331,2.1448621342212
25.1057753052166,2.14486183865159
25.1285508408001,2.14486154471426
25.1513263763836,2.14486125239048
25.1741019119671,2.14486096166163
25.1968774475506,2.14486067250921
25.2196529831341,2.14486038491481
25.2424285187176,2.14486009886016
25.2652040543011,2.14485981432707
25.2879795898846,2.14485953129747
25.3107551254681,2.14485924975341
25.3335306610516,2.14485896967701
25.3563061966351,2.14485869105053
25.3790817322186,2.14485841385631
25.4018572678021,2.14485813807681
25.4246328033856,2.14485786369457
25.4474083389691,2.14485759069223
25.4701838745526,2.14485731905255
25.4929594101361,2.14485704875837
25.5157349457196,2.14485677979263
25.5385104813031,2.14485651213836
25.5612860168866,2.14485624577869
25.5840615524701,2.14485598069683
25.6068370880536,2.1448557168761
25.629612623637,2.1448554542999
25.6523881592205,2.14485519295172
25.675163694804,2.14485493281514
25.6979392303875,2.14485467387382
25.720714765971,2.14485441611151
25.7434903015545,2.14485415951205
25.766265837138,2.14485390405935
25.7890413727215,2.14485364973743
25.811816908305,2.14485339653037
25.8345924438885,2.14485314442232
25.857367979472,2.14485289339754
25.8801435150555,2.14485264344034
25.902919050639,2.14485239453513
25.9256945862225,2.14485214666638
25.948470121806,2.14485189981866
25.9712456573895,2.14485165397657
25.994021192973,2.14485140912483
26.0167967285565,2.14485116524821
26.03957226414,2.14485092233155
26.0623477997235,2.14485068035977
26.085123335307,2.14485043931785
26.1078988708905,2.14485019919085
26.130674406474,2.14484995996389
26.1534499420575,2.14484972162215
26.176225477641,2.1448494841509
26.1990010132245,2.14484924753545
26.221776548808,2.14484901176119
26.2445520843915,2.14484877681355
26.2673276199749,2.14484854267805
26.2901031555584,2.14484830934025
26.3128786911419,2.14484807678579
26.3356542267254,2.14484784500036
26.3584297623089,2.14484761396969
26.3812052978924,2.1448473836796
26.4039808334759,2.14484715411595
26.4267563690594,2.14484692526465
26.4495319046429,2.14484669711167
26.4723074402264,2.14484646964304
26.4950829758099,2.14484624284483
26.5178585113934,2.14484601670318
26.5406340469769,2.14484579120427
26.5634095825604,2.14484556633432
26.5861851181439,2.14484534207963
26.6089606537274,2.14484511842651
26.6317361893109,2.14484489536135
26.6545117248944,2.14484467287056
26.6772872604779,2.14484445094063
26.7000627960614,2.14484422955806
26.7228383316449,2.14484400870941
26.7456138672284,2.14484378838129
26.7683894028119,2.14484356856034
26.7911649383954,2.14484334923325
26.8139404739789,2.14484313038674
26.8367160095624,2.14484291200759
26.8594915451459,2.14484269408259
26.8822670807294,2.14484247659861
26.9050426163128,2.14484225954251
26.9278181518963,2.14484204290122
26.9505936874798,2.1448418266617
26.9733692230633,2.14484161081093
26.9961447586468,2.14484139533594
27.0189202942303,2.14484118022379
27.0416958298138,2.14484096546157
27.0644713653973,2.14484075103641
27.0872469009808,2.14484053693545
27.1100224365643,2.14484032314589
27.1327979721478,2.14484010965493
27.1555735077313,2.14483989644982
27.1783490433148,2.14483968351784
27.2011245788983,2.14483947084627
27.2239001144818,2.14483925842244
27.2466756500653,2.14483904623371
27.2676674125978,2.14483885086083
27.2886591751303,2.14483865566708
27.3096509376628,2.14483846064259
27.3306427001953,2.14483826577753
